{
  "ghi_lag1": 905096988.9772625,
  "ghi_lag2": 111070212.73311615,
  "ghi_lag4": 2186717061.2248096,
  "ghi_lag8": 22541155.586624146,
  "ghi_lag16": 88358735.71919441,
  "ghi_lag96": 106023050339.28409,
  "ghi_lag192": 33422415466.868126,
  "ghi_lag288": 799223057.9755535,
  "dhi_lag1": 26668519.37410736,
  "dhi_lag2": 13966954.161233902,
  "dhi_lag4": 94293587.17420197,
  "dhi_lag8": 14909234.179365158,
  "dhi_lag16": 28369954.875761032,
  "dhi_lag96": 8684193856.78074,
  "dhi_lag192": 170394761.36499023,
  "dhi_lag288": 368764388.38292694,
  "temperature_lag1": 1967870.63082695,
  "temperature_lag2": 1375787.3641147614,
  "temperature_lag4": 2812480.102754593,
  "temperature_lag8": 5727125.921625137,
  "temperature_lag16": 14902641.303289413,
  "temperature_lag96": 4863426.729177475,
  "temperature_lag192": 3469191.441165924,
  "temperature_lag288": 6619446.268396378,
  "windspeed_lag1": 3649183.2476348877,
  "windspeed_lag2": 1384055.6786670685,
  "windspeed_lag4": 16859428.392131805,
  "windspeed_lag8": 59856636.24392128,
  "windspeed_lag16": 270997476.0184536,
  "windspeed_lag96": 34715646.733472824,
  "windspeed_lag192": 34054024.63356781,
  "windspeed_lag288": 36430596.85343933,
  "cloud_cover_lag1": 4513880.7962760925,
  "cloud_cover_lag2": 3154011.0131645203,
  "cloud_cover_lag4": 334934837.057642,
  "cloud_cover_lag8": 32611789.00376129,
  "cloud_cover_lag16": 7725556.025022507,
  "cloud_cover_lag96": 21605707.699695587,
  "cloud_cover_lag192": 10139577.053300858,
  "cloud_cover_lag288": 5499251.182405472,
  "ghi_rmean_1h": 293666728000.9032,
  "ghi_rstd_1h": 1487645710.198658,
  "ghi_rmean_3h": 49784982.19459152,
  "ghi_rstd_3h": 557403381.9607697,
  "ghi_rmean_6h": 25782348.532936096,
  "ghi_rstd_6h": 1049568802.7227116,
  "ghi_rmean_12h": 95023860.53614807,
  "ghi_rstd_12h": 24904083.462446213,
  "dhi_rmean_1h": 346891120.4693737,
  "dhi_rstd_1h": 34000410.35490036,
  "dhi_rmean_3h": 19438814.71892929,
  "dhi_rstd_3h": 22600956.751621246,
  "dhi_rmean_6h": 30234686.776773453,
  "dhi_rstd_6h": 15833990.809707642,
  "dhi_rmean_12h": 97611644.41047668,
  "dhi_rstd_12h": 9747821.256118774,
  "temperature_rmean_1h": 1379754.098974228,
  "temperature_rstd_1h": 2960045.225042343,
  "temperature_rmean_3h": 2151173.5947818756,
  "temperature_rstd_3h": 3064773.5908641815,
  "temperature_rmean_6h": 1632307.8220386505,
  "temperature_rstd_6h": 3662801.152830124,
  "temperature_rmean_12h": 2509912.4572048187,
  "temperature_rstd_12h": 39653287.5129509,
  "windspeed_rmean_1h": 1783173.8758087158,
  "windspeed_rstd_1h": 2851225.848514557,
  "windspeed_rmean_3h": 1878816.4640274048,
  "windspeed_rstd_3h": 1918098.5361042023,
  "windspeed_rmean_6h": 3767122.9622268677,
  "windspeed_rstd_6h": 2051417.410085678,
  "windspeed_rmean_12h": 3433275.7767276764,
  "windspeed_rstd_12h": 3374846.118932724,
  "cloud_cover_rmean_1h": 85563423.06139374,
  "cloud_cover_rstd_1h": 10395247.80116272,
  "cloud_cover_rmean_3h": 54029930.108392715,
  "cloud_cover_rstd_3h": 4273057.632160187,
  "cloud_cover_rmean_6h": 5242146.80247879,
  "cloud_cover_rstd_6h": 2642669.610239029,
  "cloud_cover_rmean_12h": 19674487.119018555,
  "cloud_cover_rstd_12h": 3359406.0422916412,
  "hour_sin": 546710554.6064854,
  "hour_cos": 511192067.5620346,
  "doy_sin": 6806324.638462067,
  "doy_cos": 11771913.112083435,
  "month": 2669787.8553333282,
  "is_daytime": 7912083.053466797,
  "weekday": 1186638.0752830505,
  "ghi_dhi_ratio": 2305802574.845125,
  "temp_wind_interaction": 27393723.48054123,
  "cloud_ghi_interaction": 2345205571.983206,
  "om_ghi": 0.0,
  "om_dhi": 0.0,
  "om_temperature": 0.0,
  "om_windspeed": 0.0,
  "om_cloud_cover": 0.0,
  "vedas_temperature": 0.0,
  "vedas_solar_potential": 0.0
}