{
  "ghi_lag1": 578626987.6902561,
  "ghi_lag2": 51001991.47900581,
  "ghi_lag4": 1291394515.4912033,
  "ghi_lag8": 9990005.154818535,
  "ghi_lag16": 7372259.007828712,
  "ghi_lag96": 55957472663.36253,
  "ghi_lag192": 24344674478.312935,
  "ghi_lag288": 173519671.51935863,
  "dhi_lag1": 6868318.702362061,
  "dhi_lag2": 1749578.4556443691,
  "dhi_lag4": 19976061.901441336,
  "dhi_lag8": 15457696.812173843,
  "dhi_lag16": 4079834.875416279,
  "dhi_lag96": 3764024201.9227953,
  "dhi_lag192": 811158699.2155454,
  "dhi_lag288": 47458534.2132473,
  "temperature_lag1": 163739.64516305923,
  "temperature_lag2": 552439.423871994,
  "temperature_lag4": 178994.88935232162,
  "temperature_lag8": 542674.7865381241,
  "temperature_lag16": 4745428.9840660095,
  "temperature_lag96": 199515.811958313,
  "temperature_lag192": 1780963.4127373695,
  "temperature_lag288": 347950.65918946266,
  "windspeed_lag1": 301795.74597501755,
  "windspeed_lag2": 246286.83136749268,
  "windspeed_lag4": 1982916.0437636375,
  "windspeed_lag8": 3499545.2927627563,
  "windspeed_lag16": 23168722.974033833,
  "windspeed_lag96": 10391812.98468113,
  "windspeed_lag192": 5387339.403488636,
  "windspeed_lag288": 3165326.889383793,
  "cloud_cover_lag1": 410695.16674280167,
  "cloud_cover_lag2": 314128.2316560745,
  "cloud_cover_lag4": 79982969.78691912,
  "cloud_cover_lag8": 285795.2906360626,
  "cloud_cover_lag16": 281237.2981004715,
  "cloud_cover_lag96": 1120298.047340393,
  "cloud_cover_lag192": 1213723.6536970139,
  "cloud_cover_lag288": 488150.25554704666,
  "ghi_rmean_1h": 38963712339.76387,
  "ghi_rstd_1h": 293951919.63750887,
  "ghi_rmean_3h": 31177743.82765174,
  "ghi_rstd_3h": 216450611.32010317,
  "ghi_rmean_6h": 13231291.81095028,
  "ghi_rstd_6h": 472605507.2293873,
  "ghi_rmean_12h": 2630559.0330109596,
  "ghi_rstd_12h": 16090688.55935955,
  "dhi_rmean_1h": 2147460.891641617,
  "dhi_rstd_1h": 3489520.1416187286,
  "dhi_rmean_3h": 1421572.2625341415,
  "dhi_rstd_3h": 957764.8333992958,
  "dhi_rmean_6h": 1616504.411545992,
  "dhi_rstd_6h": 1169539.5427560806,
  "dhi_rmean_12h": 2644398.8821177483,
  "dhi_rstd_12h": 663167.2813248634,
  "temperature_rmean_1h": 90177.23689508438,
  "temperature_rstd_1h": 403500.7854294777,
  "temperature_rmean_3h": 82632.26709890366,
  "temperature_rstd_3h": 305203.03918123245,
  "temperature_rmean_6h": 111801.58461523056,
  "temperature_rstd_6h": 294562.71523427963,
  "temperature_rmean_12h": 148503.59013652802,
  "temperature_rstd_12h": 610224.3114924431,
  "windspeed_rmean_1h": 113716.51731729507,
  "windspeed_rstd_1h": 234261.5012049675,
  "windspeed_rmean_3h": 101784.48346376419,
  "windspeed_rstd_3h": 170096.43442583084,
  "windspeed_rmean_6h": 119107.93724107742,
  "windspeed_rstd_6h": 179261.38357067108,
  "windspeed_rmean_12h": 176202.70216464996,
  "windspeed_rstd_12h": 237360.85650730133,
  "cloud_cover_rmean_1h": 26550978.09692979,
  "cloud_cover_rstd_1h": 939245.0951142311,
  "cloud_cover_rmean_3h": 210504.17593955994,
  "cloud_cover_rstd_3h": 1015674.7967214584,
  "cloud_cover_rmean_6h": 255568.0941414833,
  "cloud_cover_rstd_6h": 224859.97583580017,
  "cloud_cover_rmean_12h": 240037.7543516159,
  "cloud_cover_rstd_12h": 240334.44723892212,
  "hour_sin": 447938391.7494941,
  "hour_cos": 327992276.4160247,
  "doy_sin": 617755.3929133415,
  "doy_cos": 513189.50666856766,
  "month": 178438.51952457428,
  "is_daytime": 5514.789740562439,
  "weekday": 86009.61015605927,
  "ghi_dhi_ratio": 447816545.93790627,
  "temp_wind_interaction": 5672304.610966682,
  "cloud_ghi_interaction": 911506538.1764588,
  "ghi_ema_4": 322407196009.25446,
  "ghi_ema_12": 23981356.254658222,
  "ghi_ema_24": 552305.936173439,
  "ghi_ema_48": 2210082.203063965,
  "ghi_diff_1h": 1329535244.827609,
  "ghi_diff_24h": 3627822323.1132417,
  "dhi_ema_4": 193910278.5796275,
  "dhi_ema_12": 424521.47213840485,
  "dhi_ema_24": 410784.3759098053,
  "dhi_ema_48": 4401861.443246365,
  "dhi_diff_1h": 56237291.96203685,
  "dhi_diff_24h": 45853677.66193986,
  "temperature_ema_4": 92334.38611602783,
  "temperature_ema_12": 61383.3224029541,
  "temperature_ema_24": 74686.4932436943,
  "temperature_ema_48": 126171.809882164,
  "temperature_diff_1h": 185831017.61329365,
  "temperature_diff_24h": 496378.6117479801,
  "windspeed_ema_4": 118737.33837389946,
  "windspeed_ema_12": 80641.48437213898,
  "windspeed_ema_24": 76989.06393671036,
  "windspeed_ema_48": 123819.12111091614,
  "windspeed_diff_1h": 268190.94257450104,
  "windspeed_diff_24h": 293713.410859108,
  "cloud_cover_ema_4": 21540259.60272169,
  "cloud_cover_ema_12": 133991.661921978,
  "cloud_cover_ema_24": 192151.14002084732,
  "cloud_cover_ema_48": 19955861.237374783,
  "cloud_cover_diff_1h": 2725119.3293266296,
  "cloud_cover_diff_24h": 8607330.473920584,
  "om_ghi": 0.0,
  "om_dhi": 0.0,
  "om_temperature": 0.0,
  "om_windspeed": 0.0,
  "om_cloud_cover": 0.0,
  "vedas_temperature": 0.0,
  "vedas_solar_potential": 0.0
}