{
  "ghi_lag1": 2107276.1760669947,
  "ghi_lag2": 838046.8073632121,
  "ghi_lag4": 5015282.500235915,
  "ghi_lag8": 94038.78165048361,
  "ghi_lag16": 166471.2513807416,
  "ghi_lag96": 22849218.877926767,
  "ghi_lag192": 781859.9448728561,
  "ghi_lag288": 534050.4240842462,
  "dhi_lag1": 121173015.46595216,
  "dhi_lag2": 46598657.44498491,
  "dhi_lag4": 1319833322.933692,
  "dhi_lag8": 2565963.844952047,
  "dhi_lag16": 726368.0085126162,
  "dhi_lag96": 24965724568.974342,
  "dhi_lag192": 499589675.6331381,
  "dhi_lag288": 550303691.9605268,
  "temperature_lag1": 48314.91468924284,
  "temperature_lag2": 36406.25628274679,
  "temperature_lag4": 49866.14984124899,
  "temperature_lag8": 44708.180487692356,
  "temperature_lag16": 57231.07686471939,
  "temperature_lag96": 168885.24459719658,
  "temperature_lag192": 51675.46395325661,
  "temperature_lag288": 57992.0258179307,
  "windspeed_lag1": 729722.1766725183,
  "windspeed_lag2": 127245.76892876625,
  "windspeed_lag4": 1066055.3304098248,
  "windspeed_lag8": 1127559.6885877252,
  "windspeed_lag16": 46859533.54104239,
  "windspeed_lag96": 6678637.531425595,
  "windspeed_lag192": 1231487.6840775013,
  "windspeed_lag288": 6167971.519373119,
  "cloud_cover_lag1": 123765.44708031416,
  "cloud_cover_lag2": 53056.65219569206,
  "cloud_cover_lag4": 541724.0181931853,
  "cloud_cover_lag8": 137015.96114188433,
  "cloud_cover_lag16": 60132.22437399626,
  "cloud_cover_lag96": 104857.66116678715,
  "cloud_cover_lag192": 78443.71505844593,
  "cloud_cover_lag288": 74140.33788496256,
  "ghi_rmean_1h": 768946.93256253,
  "ghi_rstd_1h": 194746.417062819,
  "ghi_rmean_3h": 55937.346531927586,
  "ghi_rstd_3h": 130180.19207865,
  "ghi_rmean_6h": 359002.2253924012,
  "ghi_rstd_6h": 186586.17902737856,
  "ghi_rmean_12h": 223827.89136511087,
  "ghi_rstd_12h": 37887.36541616917,
  "dhi_rmean_1h": 69429296.96310622,
  "dhi_rstd_1h": 176506490.83648276,
  "dhi_rmean_3h": 12932669.079100907,
  "dhi_rstd_3h": 29393399.669944882,
  "dhi_rmean_6h": 5985108.923071265,
  "dhi_rstd_6h": 15920267.009009838,
  "dhi_rmean_12h": 9625752.571612477,
  "dhi_rstd_12h": 6295416.360286355,
  "temperature_rmean_1h": 27238.917235910892,
  "temperature_rstd_1h": 88815.3700825572,
  "temperature_rmean_3h": 16308.761993944645,
  "temperature_rstd_3h": 64579.48459023237,
  "temperature_rmean_6h": 25831.615116417408,
  "temperature_rstd_6h": 63060.76893609762,
  "temperature_rmean_12h": 41202.35762041807,
  "temperature_rstd_12h": 67018.68703907728,
  "windspeed_rmean_1h": 27019.71662312746,
  "windspeed_rstd_1h": 47601.80098062754,
  "windspeed_rmean_3h": 27832.503452420235,
  "windspeed_rstd_3h": 78197.56990516186,
  "windspeed_rmean_6h": 1249811.2081169486,
  "windspeed_rstd_6h": 50489.46843898296,
  "windspeed_rmean_12h": 55798.195733845234,
  "windspeed_rstd_12h": 118285.50717294216,
  "cloud_cover_rmean_1h": 60280.348649561405,
  "cloud_cover_rstd_1h": 78706.67302125692,
  "cloud_cover_rmean_3h": 42611.23896318674,
  "cloud_cover_rstd_3h": 53742.09542840719,
  "cloud_cover_rmean_6h": 77459.81177091599,
  "cloud_cover_rstd_6h": 61900.54793161154,
  "cloud_cover_rmean_12h": 49049.392731010914,
  "cloud_cover_rstd_12h": 48776.23958826065,
  "hour_sin": 14536557.563672423,
  "hour_cos": 12648796.15944475,
  "doy_sin": 67639.03242224455,
  "doy_cos": 218180.28952997923,
  "month": 15302.10032659769,
  "is_daytime": 87.72813844680786,
  "weekday": 22489.38275885582,
  "ghi_dhi_ratio": 25198777.798484623,
  "temp_wind_interaction": 311113.5192360282,
  "cloud_ghi_interaction": 37942757.297606945,
  "ghi_ema_4": 23529146.165926695,
  "ghi_ema_12": 155501.39273655415,
  "ghi_ema_24": 78086.10873967409,
  "ghi_ema_48": 51933.5869538188,
  "ghi_diff_1h": 12194246.456758201,
  "ghi_diff_24h": 16997398.04563707,
  "dhi_ema_4": 9620293354.070173,
  "dhi_ema_12": 431538.5514437556,
  "dhi_ema_24": 250885.29346454144,
  "dhi_ema_48": 465895.7478624582,
  "dhi_diff_1h": 454894433.1115758,
  "dhi_diff_24h": 595579394.8394531,
  "temperature_ema_4": 29607.68725848198,
  "temperature_ema_12": 15647.01613587141,
  "temperature_ema_24": 19030.065454661846,
  "temperature_ema_48": 30656.699737548828,
  "temperature_diff_1h": 7324106.883534312,
  "temperature_diff_24h": 103900.30763983727,
  "windspeed_ema_4": 28235.65610933304,
  "windspeed_ema_12": 15585.351896822453,
  "windspeed_ema_24": 25276.028472721577,
  "windspeed_ema_48": 38743.44237321615,
  "windspeed_diff_1h": 82951.56509745121,
  "windspeed_diff_24h": 91561.64524823427,
  "cloud_cover_ema_4": 1044050.4494855404,
  "cloud_cover_ema_12": 69369.25289797783,
  "cloud_cover_ema_24": 28463.616415679455,
  "cloud_cover_ema_48": 42111.451132416725,
  "cloud_cover_diff_1h": 107449.84375202656,
  "cloud_cover_diff_24h": 103276.76881504059,
  "om_ghi": 0.0,
  "om_dhi": 0.0,
  "om_temperature": 0.0,
  "om_windspeed": 0.0,
  "om_cloud_cover": 0.0,
  "vedas_temperature": 0.0,
  "vedas_solar_potential": 0.0
}