{
  "ghi_lag1": 6259296.883788109,
  "ghi_lag2": 3717787.296819687,
  "ghi_lag4": 39621462.442848206,
  "ghi_lag8": 3334691.066152096,
  "ghi_lag16": 3130143.696041107,
  "ghi_lag96": 47823387.3378582,
  "ghi_lag192": 7351974.61362505,
  "ghi_lag288": 4762972.894947052,
  "dhi_lag1": 45867153.97362709,
  "dhi_lag2": 44013176.81395006,
  "dhi_lag4": 4355110447.210728,
  "dhi_lag8": 36390139.90458822,
  "dhi_lag16": 9812219.047113895,
  "dhi_lag96": 27839910447.47151,
  "dhi_lag192": 2379572830.754745,
  "dhi_lag288": 1099464825.6892133,
  "temperature_lag1": 288746.7940068245,
  "temperature_lag2": 355457.3458147049,
  "temperature_lag4": 1082562.0520291328,
  "temperature_lag8": 803445.9961438179,
  "temperature_lag16": 1834121.3472085,
  "temperature_lag96": 2154360.2613625526,
  "temperature_lag192": 1000465.296526432,
  "temperature_lag288": 1222688.9480657578,
  "windspeed_lag1": 1587250.6743636131,
  "windspeed_lag2": 865753.3124985695,
  "windspeed_lag4": 11629242.99583292,
  "windspeed_lag8": 9905658.701546669,
  "windspeed_lag16": 37441077.15825367,
  "windspeed_lag96": 8118736.285592556,
  "windspeed_lag192": 17611839.462435722,
  "windspeed_lag288": 13451802.172307968,
  "cloud_cover_lag1": 1031988.5167226791,
  "cloud_cover_lag2": 430497.0110588074,
  "cloud_cover_lag4": 52702937.57216978,
  "cloud_cover_lag8": 2375156.736407757,
  "cloud_cover_lag16": 903316.138053894,
  "cloud_cover_lag96": 3407568.39381814,
  "cloud_cover_lag192": 1668424.8760056496,
  "cloud_cover_lag288": 980989.5366601944,
  "ghi_rmean_1h": 26539074.802043915,
  "ghi_rstd_1h": 5343364.95984602,
  "ghi_rmean_3h": 2928877.009283066,
  "ghi_rstd_3h": 3824081.784303665,
  "ghi_rmean_6h": 2611236.8317553997,
  "ghi_rstd_6h": 11527058.188130856,
  "ghi_rmean_12h": 8886000.465566635,
  "ghi_rstd_12h": 1210431.349609375,
  "dhi_rmean_1h": 915328950.7597661,
  "dhi_rstd_1h": 270096054.38104105,
  "dhi_rmean_3h": 18726143.446274757,
  "dhi_rstd_3h": 64346026.2506423,
  "dhi_rmean_6h": 5015941.562288761,
  "dhi_rstd_6h": 90973055.05896187,
  "dhi_rmean_12h": 9266789.186576366,
  "dhi_rstd_12h": 7764893.753418922,
  "temperature_rmean_1h": 368346.7779507637,
  "temperature_rstd_1h": 446934.63546705246,
  "temperature_rmean_3h": 321399.0853896141,
  "temperature_rstd_3h": 1013298.9400129318,
  "temperature_rmean_6h": 386020.1281161308,
  "temperature_rstd_6h": 1244803.338880539,
  "temperature_rmean_12h": 578310.4072480202,
  "temperature_rstd_12h": 1315624.4052407742,
  "windspeed_rmean_1h": 437229.29200553894,
  "windspeed_rstd_1h": 446882.3762807846,
  "windspeed_rmean_3h": 541672.0301866531,
  "windspeed_rstd_3h": 352471.1668019295,
  "windspeed_rmean_6h": 2262651.9048917294,
  "windspeed_rstd_6h": 593431.1839499474,
  "windspeed_rmean_12h": 920727.2021269798,
  "windspeed_rstd_12h": 632584.1224532127,
  "cloud_cover_rmean_1h": 32734188.940826416,
  "cloud_cover_rstd_1h": 1082942.0227255821,
  "cloud_cover_rmean_3h": 10082056.05177927,
  "cloud_cover_rstd_3h": 761489.2538881302,
  "cloud_cover_rmean_6h": 1434692.074391365,
  "cloud_cover_rstd_6h": 495861.2779369354,
  "cloud_cover_rmean_12h": 2278115.44772768,
  "cloud_cover_rstd_12h": 591729.9089374542,
  "hour_sin": 125812968.700387,
  "hour_cos": 222651336.0000472,
  "doy_sin": 2384669.952778816,
  "doy_cos": 3225342.0361585617,
  "month": 801320.3541321754,
  "is_daytime": 1279422.2049121857,
  "weekday": 176619.76146697998,
  "ghi_dhi_ratio": 334350641.85115266,
  "temp_wind_interaction": 2560205.1065773964,
  "cloud_ghi_interaction": 478995869.97387457,
  "om_ghi": 0.0,
  "om_dhi": 0.0,
  "om_temperature": 0.0,
  "om_windspeed": 0.0,
  "om_cloud_cover": 0.0,
  "vedas_temperature": 0.0,
  "vedas_solar_potential": 0.0
}